{"theme_color":"#0a2c69","background_color":"#0a2c69","display":"fullscreen","scope":"weather-web-app-by-sarfaraz.netlify.app","start_url":"/","name":"Weather App","short_name":"WeatherApp","description":"Weather App","icons":[{"src":"./src/assets/manifest/icon-96x96.png","sizes":"96x96","type":"image/png"},{"src":"./src/assets/manifest/icon-128x128.png","sizes":"128x128","type":"image/png"},{"src":"./src/assets/manifest/icon-144x144.png","sizes":"144x144","type":"image/png"},{"src":"./src/assets/manifest/icon-192x192.png","sizes":"192x192","type":"image/png"},{"src":"./src/assets/manifest/icon-256x256.png","sizes":"256x256","type":"image/png"},{"src":"./src/assets/manifest/icon-384x384.png","sizes":"384x384","type":"image/png"},{"src":"./src/assets/manifest/icon-512x512.png","sizes":"512x512","type":"image/png"}]}